<?xml version="1.0" encoding="UTF-8"?>
<project-private xmlns="http://www.netbeans.org/ns/project-private/1">
    <editor-bookmarks xmlns="http://www.netbeans.org/ns/editor-bookmarks/2" lastBookmarkId="0"/>
    <open-files xmlns="http://www.netbeans.org/ns/projectui-open-files/2">
        <group>
            <file>file:/var/www/html/php/desafio2/controlador/controladorGeneral.php</file>
            <file>file:/var/www/html/php/desafio2/vista/libro/aniadirLibros.php</file>
            <file>file:/var/www/html/php/desafio2/controlador/controladorLibro.php</file>
            <file>file:/var/www/html/php/desafio2/vista/usuario/inicioSesion.php</file>
            <file>file:/var/www/html/php/desafio2/vista/usuario/crudUsuario.php</file>
            <file>file:/var/www/html/php/desafio2/vista/libro/porAutor.php</file>
            <file>file:/var/www/html/php/desafio2/vista/encuadres/cabecera.php</file>
            <file>file:/var/www/html/php/desafio2/controlador/controladorUsuario.php</file>
            <file>file:/var/www/html/php/desafio2/vista/libro/listadoLibros.php</file>
            <file>file:/var/www/html/php/desafio2/vista/usuario/olvidarPwd.php</file>
        </group>
    </open-files>
</project-private>
